<dialog xmlns:xsi="http://www.w3.org/2001/XMLSchema-instance" xsi:noNamespaceSchemaLocation="WatsonDialogDocument_1.0.xsd">
  <flow>
    <folder label="Main">
      <output>
        <prompt selectionType="RANDOM">
          <item>Hello, welcome to Mike’s Pizza</item>
        </prompt>
        <goto ref="getUserInput_2449614"/>
      </output>
      <getUserInput id="getUserInput_2449614">
        <search ref="folder_2449611"/>
        <default>
          <output>
            <prompt selectionType="RANDOM">
              <item>
                I am sorry, I did not understand your question. Please try asking another one.
              </item>
            </prompt>
          </output>
        </default>
      </getUserInput>
    </folder>
    <folder label="Library">
      <folder id="folder_2449611" label="Live Content">
        <input>
          <grammar>
            <item>What type of toppings do you have?</item>
            <item>$ What type of toppings do you have?</item>
            <item>$ list of toppings</item>
            <item>What * toppings * have</item>
            <item>$ list toppings * available</item>
            <item>$ what toppings do you have</item>
          </grammar>
          <output>
            <prompt selectionType="RANDOM">
              <item>We have Pepperoni, Mushrooms, and Sausage</item>
            </prompt>
          </output>
        </input>
      </folder>
      <folder label="Storage"/>
    </folder>
    <folder label="Global"/>
    <folder label="Concepts"/>
  </flow>
  <constants>
    <var_folder name="Home"/>
  </constants>
  <variables>
    <var_folder name="Home"/>
  </variables>
  <settings>
    <setting name="USERIDNUM" type="USER">69810</setting>
    <setting name="EMAIL" type="USER">mwacho@gmail.com</setting>
    <setting name="PASSWORD" type="USER">mct:f972618f697988c5f1808da2115a54f0</setting>
    <setting name="FIRSTNAME" type="USER">Matthew</setting>
    <setting name="LASTNAME" type="USER">james Wachowiak</setting>
    <setting name="COUNTRY" type="USER">US</setting>
    <setting name="STATE" type="USER"/>
    <setting name="CITY" type="USER">New York</setting>
    <setting name="BDAY" type="USER">1</setting>
    <setting name="BMONTH" type="USER">1</setting>
    <setting name="BYEAR" type="USER">2001</setting>
    <setting name="SEX" type="USER">Male</setting>
    <setting name="DISPLAYNAME" type="USER">Matthew</setting>
    <setting name="PROVIDESECURITYPASSWORD" type="USER">false</setting>
    <setting name="SECURITYPASSWORD" type="USER"/>
    <setting name="SHOWPERSPROFILE" type="USER">false</setting>
    <setting name="USETYPE" type="USER">0</setting>
    <setting name="DATEJOINED" type="USER">2015-03-30 15:08:32.0</setting>
    <setting name="LASTLOGIN" type="USER">2015-03-30 15:08:32.0</setting>
    <setting name="LOGINCOUNT" type="USER">1</setting>
    <setting name="CREDIT" type="USER">-100</setting>
    <setting name="CONVCOUNT" type="USER">2</setting>
    <setting name="PERSONALITYTYPEID" type="USER">6</setting>
    <setting name="SHOWSENDMESSAGE" type="USER">true</setting>
    <setting name="ACTIVATED" type="USER">true</setting>
    <setting name="MESSENGEREMAIL" type="USER"/>
    <setting name="MESSENGERPASSWORD" type="USER"/>
    <setting name="SENDCHATEMAIL" type="USER">true</setting>
    <setting name="SENDFAVEMAIL" type="USER">true</setting>
    <setting name="CACHE" type="USER">false</setting>
    <setting name="CLASSTYPE" type="USER">3</setting>
    <setting name="AUTOLEARN" type="USER">false</setting>
    <setting name="LANGUAGE" type="USER">EN</setting>
    <setting name="RESPONSETIME" type="USER">0</setting>
    <setting name="MAXAUTOLEARNITEMS" type="USER">0</setting>
    <setting name="NUMAUTOSETRELATED" type="USER">0</setting>
    <setting name="TIMEZONEID" type="USER">Australia/Sydney</setting>
    <setting name="AUTOSETRELATEDNODEID" type="USER">0</setting>
    <setting name="RETURNTOCHATNODEID" type="USER">0</setting>
    <setting name="INPUTMASKTYPE" type="USER">0</setting>
    <setting name="NUMLOGINATTEMPTS" type="USER">0</setting>
    <setting name="CONCEPTMATCHING" type="USER">0</setting>
  </settings>
</dialog>