{
  "apikey": "random-apikey",
  "cos_hmac_keys": {
    "access_key_id": "aaaa",
    "secret_access_key": "bbb"
  },
  "endpoints": "https://cos-service.bluemix.net/endpoints",
  "iam_apikey_description": "Auto generated apikey during resource-key operation for Instance - crn:v1:bluemix:public:cloud-object-storage:global:a/070794137072b93b6eb44420201f6194:c290d41e-c445-420e-ad44-65b2a15a7c6c::",
  "iam_apikey_name": "auto-generated-apikey-5a3550b4-e3af-40b7-8bda-0fb839533c02",
  "iam_role_crn": "crn:v1:bluemix:public:iam::::serviceRole:Manager",
  "iam_serviceid_crn": "crn:v1:bluemix:public:iam-identity::a/070794137072b93b6eb44420201f6194::serviceid:ServiceId-3ff1a723-d223-41ff-99e4-32ff8d022549",
  "resource_instance_id": "crn:v1:bluemix:public:cloud-object-storage:global:a/xxx:yyy::"
}